Name,Address,Grade,District,AGA Division,PS/MC/UC
BAVARIAN BARN RESTAURANT,"NO. 11, GALLE FACE COURT 02 COLOMBO",A,Colombo,Colombo,Colombo Divisional Secretariat
LORDS RESTAURANT,80B PORUTHOTA ROAD ETTHUKALA NEGOMBO,A,Gampaha,Negombo,Negombo Divisional Secretariat
NIHONBASHI RESTAURANT,"NO 11, GALLE FACE TERRACE, COLOMBO 03",A,Colombo,Colombo,Colombo Divisional Secretariat
FREE WIND RESTAURANT & BAR,"NO 1285, KANDY ROAD, PALAIYOOTHU, TRINCO MALEE",A,Trincomalee,Uppuveli Trinco Malee,Trincomalee Divisional Secretariat
EDWIN RESTAURANT,"204, LEWIS PLACE, NEGOMBO",B,Gampaha,Negombo,Negombo Divisional Secretariat
DAKSHINA RESTAURANT,"154/A, KANDY RD, DALUGAMA,KELANIYA",B,Gampaha,Peliyagoda,Mahara Kelaniya
KUMU KUMA CHINESE RESTAURANT,"278/2, HIGHLEVEL RD, MAHALWARAWA, PANNIPITIYA",A,Colombo,Maharagama,Maharagama Divisional Secretariat
HANSAGIRI RESTAURANT,"192 1/1, BODHIRAJA MAWATHA, COLOMBO 11",A,Colombo,Colombo,Colombo Divisional Secretariat
JAYALATH INN RESTAURANT,"269, WELIGAMPITIYA JA-ELA",A,Gampaha,Ja-Ela,Ja-Ela Divisional Secretariat
GREAT WALL RESTAURANTS,"N0.03, EDWARD LANE COLOMBO 03",A,Colombo,Colombo,Colombo Divisional Secretariat
EXCEL RESTAURANTS,"338, T.B. JAYAH MAWATHA, COLOMBO 10",A,Colombo,Colombo,Colombo Divisional Secretariat
PUBS AND PLACES- KANDY,"N0.30, GEORGE E.DE SILVA MAWATHA, KANDY",A,Kandy,Kandy,Kandy Divisional Secretariat
KANDOORI RESTAURANT (BERUWALA),"428, GALLE ROAD, HETTIMULLA BERUWALA",A,Kalutara,Beruwala Pradeshiya Sabha,Beruwala Divisional Secretariat
SENANI RESTAURANT,"NO 30,RAJAPIHILLA MAWATHA, KANDY",A,Kandy,Kandy,Kandy Divisional Secretariat
JANAHITHA RESTAURANT,"107/1 MAKOLA SOUTH, MAKOLA",A,Gampaha,Biyagama Pradeshiya Sabha,Biyagama Divisional Secretariat
FLAG & WHISTLE RESTAURANT & PUB,"NO.256,SETHMIL BUILDING,5TH FLOOR,SRIMATH RAMANATHAN MAWATHA,COLOMBO 15.",A,Colombo,Colombo,Colombo Divisional Secretariat
CHANVAL RESTAURANT (MAHARAGAMA),"NO. 5/2 5/3 SRI DEWANANDA ROAD,NAWINNA,MAHARAGAMA.",A,Colombo,Maharagama,Maharagama Divisional Secretariat
PUBS AND PLACES - YATINUWARA,"60/1,YATINUWARA WEEDIYA,KANDY",B,Kandy,Kandy,Kandy Divisional Secretariat
ISHARA RESTAURANT,"NO. 278/4, RATHMALDENIYA ROAD PELANWATTA, PANNIPITIYA",A,Colombo,Maharagama,Maharagama Divisional Secretariat
SAYURA RESTAURANT,"BEHIND THE ECONOMICAL CENTER ALUTHPARA, DAMBULLA",A,Matale,Damana Pradeshiya Sabha,Dambulla Divisional Secretariat
RANWELI RESTAURANT,"NO.99, KAUDPELELLA, MATALE",A,Matale,Matale,Matale Divisional Secretariat
SILVER RAY RESTAURANT,"NO 18,DIPPITIGALA, LELLOPITIYA",A,Ratnapura,Pelmadulla Pradeshiya Sabha,Pelmadulla Divisional Secretariat
RAJA BOJUN,"LIBERTY ARCADE,NO.282,R.A. DE MEL MW,COLOMBO 03.",A,Colombo,Colombo,Colombo Divisional Secretariat
MINTAGE RESTAURANT & BAR,"NO154, KINYSEY ROAD, COLOMBO07",A,Colombo,Colombo,Colombo Divisional Secretariat
ELEPHANT PARK RESTAURANT,"PINNAWALA, RAMBUKKANA",A,Kegalle,Rambukkana Pradeshiya Sabha,Rambukkana Divisional Secretariat
PUBS AND PLACES (BENTOTA),"NO.357,GALLE ROAD,WARAHENA BENTOTA",A,Galle,Bentota Pradeshiya Sabha,Benthota Divisional Secretariat
REFRESH RESTAURANT,"NO.384, GALLE ROAD HIKKADUWA",A,Galle,Hikkaduwa,Galle Divisional Secretariat
GOLDEN GRILL,"NO.45, NATIONAL HOLIDAY RESORT, BENTOTA",A,Galle,Bentota Pradeshiya Sabha,Benthota Divisional Secretariat
SAMAL RESTAURANT,"NO.95,MALAY STREET, COLOMBO 02",A,Colombo,Colombo,Colombo Divisional Secretariat
SIAM HOUSE THAI RESTAURANT,"NO.17, MELBOURNE AVENUE COLOMBO 04",A,Colombo,Colombo,Colombo Divisional Secretariat
RAMANKA RESTAURANT,"156/3/F , NEW KANDY ROAD, BANDARAWATTA , BIYAGAMA.",A,Gampaha,Gampaha,Gampaha Divisional Secretariat
PINNALANDA RESTAURANT,"PINNAWALA , RAMBUKKANA",A,Kegalle,Kegalle,Kegalle Divisional Secretariat
MOUNT GRILL,"221, GALLE ROAD MOUNT LAVINIA",A,Colombo,Colombo,Colombo Divisional Secretariat
WESTERN RESTAURANT,"NO. 668, PONNALAI ROAD ODDUMADAM JAFFNA",B,Jaffna,Polonnaruwa,Dompe Divisional Secretariat
HAVI RESTAURANT,"NO.186, BORELLA ROAD, PANNIPITIYA",A,Colombo,Colombo,Colombo Divisional Secretariat
HAVI RESTAURANT,"743/57, NEW KANDY ROAD THALAHENA, MALABE, BATTARAMULLA",A,Colombo,Colombo,Colombo Divisional Secretariat
ODEL,NO.02 WARD PLACE COLOMBO 07.,A,Colombo,Colombo,Colombo Divisional Secretariat
ABBAS RESTAURANT,"WAULAGODA, HIKKADUWA",A,Galle,Haldummulla Pradeshiya Sabha,Hikkaduwa Divisional Secretariat
AGLO RESTAURANT,"NO.271, KOHALAWAILA ROAD WELIKETIYA KELANIYA",A,Gampaha,Gampaha,Gampaha Divisional Secretariat
THE BAY LEAF,"SHOP #5 OLD DUTCH HOSPITAL COMPLEX ECHELON SQUARE,COLOMBO-01",A,Colombo,Colombo,Colombo Divisional Secretariat
HELADIV TEA CLUB ( HTC ),"NO.08, DUTCH HOSPITAL BUILDING BANK OF CEYLON MW, PETTAH COLOMBO 01",A,Colombo,Colombo,Colombo Divisional Secretariat
APEX RESTAURANT,"1173, MARADANA ROAD, COLOMBO 08",A,Colombo,Colombo,Colombo Divisional Secretariat
AUSTASIA SPORTS,"NO.290U, WEERASEKERA MAWATHA, THALAWATHUGODA",A,Colombo,Colombo,Colombo Divisional Secretariat
INN BY THE LAKE,"N0.36, DALADA VEEDIYA, KANDY",A,Kandy,Kandy,Kandy Divisional Secretariat
BAKELAND RESTAURANT,"335, DANDAGAMUWA , KULIYAPITIYA",A,Kurunegala,Kurunegala,Kurunegala Divisional Secretariat
BAKEPS RESTAURANT,"NO.69 , NARAHENPITA ROAD NAWALA",A,Colombo,Colombo,Colombo Divisional Secretariat
STEAM BOAT (NAWALA),"NO.14, NARAHENPITA ROAD, NAWALA",A,Colombo,Colombo,Colombo Divisional Secretariat
BAMBOO GARDEN RESTAURANT,"NO.29A , ANAGARIKA DHARMAPALA MAWATHA , KANDY",A,Kandy,Kandy,Kandy Divisional Secretariat
BAREFOOT GARDEN CAFE,"NO.706. GALLE ROAD , COLOMBO 03",A,Colombo,Colombo,Colombo Divisional Secretariat
BASE ENTERTAINMENT,"NO. 340 , GALLE ROAD COLOMBO 03",A,Colombo,Colombo,Colombo Divisional Secretariat
BASE VIP LOUNGE,"NO. 24, 17TH LANE , COLOMBO 03",A,Colombo,Colombo,Colombo Divisional Secretariat
BELLWAY RESTAURANT,"NO. 695 , KANDY ROAD, KELANIYA",A,Gampaha,Gampaha,Gampaha Divisional Secretariat
SUNLIGHT GARDEN SEAFOOD RESTAURANT,"NO. 21 , ABDUL GAFOOR MAWATHA COLOMBO 03",A,Colombo,Colombo,Colombo Divisional Secretariat
MOTHER'S KITCHEN,"NO.284, KATUGASTOTA RD, KANDY",A,Kandy,Kandy,Kandy Divisional Secretariat
ROSHAN RESTAURANT,"NO.138, SIR P. RAMANATHAN RD, CHUNNAKAM",A,Jaffna,Jaffna,Jaffna Divisional Secretariat
BIJOU RESTAURANT,"NO.44, ETTUKALA, NEGOMBO",A,Gampaha,Negombo,Negombo Divisional Secretariat
BUDDES BEACH RESTAURANT,"NO.428, GALLE ROAD WEWALA HIKKADUWA",B,Galle,Hikkaduwa,Hikkaduwa Divisional Secretariat
CASAMARA CHINESE RESTAURANT,"NO.87, HIGHLEVAL RD, KOTTAWA PANNIPITIYA",A,Colombo,Maharagama,Maharagama Divisional Secretariat
BLUE SKY RESTAURANT,"NO.168,NEW KANDY ROAD,KOTHALAWALA,KADUWELA.",A,Colombo,Kaduwela Pradeshiya Sabha,kaduwela Divisional Secretariat
CHESA SWISS RESTAURENT,"NO.03, DEAL PLACE A , COLOMBO 03",A,Colombo,Colombo,Colombo Divisional Secretariat
CLOVER GRANGE,"NO. 95, KING STREET, MATALE 21000",A,Matale,Matale,Matale Divisional Secretariat
SRI LAND TRADING RESTAURANT,"NO. 16, RAGALA RD, RIKILLAGASKADA",A,Nuwara Eliya,Nuwara Eliya,Hanguranketha Divisional Secretariat
CHOPSTICKS RESTAURANT,"NO.317/1, NAWALA RD, NAWALA",A,Colombo,Kotte Muncipal Council,Kotte Divisional Secretariat
D.S.C. RESTAURANT,"NO. 206, HIGH LEVEL ROAD, AVISSAWELLA",A,Colombo,Seethawaka Pradeshiya Sabha,Seethawaka Divisional Secretariat
COUNTRY CLUB RESTAURANT,"NO 08, BANDARANAYAKE MW, KATUBEDDA, MORATUWA",B,Colombo,Moratuwa,Moratuwa Divisional Secretariat
CRISTAL HILL RESTAURANT,"NO.231,DAMBULLA ROAD,KIRIGALPOTHTHA,PALAPATHWALA,MATALE.",A,Matale,Matale,Matale Divisional Secretariat
DANIELS PUB & RESTAURANT,"NO.46, GALLE RD, AHUNGALLA",A,Galle,Galle,Galle Divisional Secretariat
LEMON GRASS - (KOTTE),"NO. 0939 E.W PERERA MAWATHA, KOTTE ROAD,ETULE KOTTE",A,Colombo,Sri Jayawardenapura-Kotte,Kotte Divisional Secretariat
TASTEES BANANA,"39B PORUTHOTA ROAD, ETHTHUKALA, NEGOMBO",A,Gampaha,Negombo,Gampaha Divisional Secretariat
PANORAMA RESTAURANT (BERUWALA),"MARADANA ROAD, MORAGALLA, BERUWALA.",A,Kalutara,Kalutara Pradeshiya Sabha,Balangoda Divisional Secretariat
168 SEAFOOD PALACE,"NO. 08, SEAVIEW AVENUE, COLOMBO 03",B,Colombo,Colombo,Colombo Divisional Secretariat
AIDA RESTAURANT & BAR,"NO. 192, GALLE ROAD, BENTOTA",A,Galle,Bentota Pradeshiya Sabha,Benthota Divisional Secretariat
GINZA HOHSEN JAPANESE RESTAURANT,"GINZA HOHSEN JAPANESE RESTAURANT,HILTON COLOMBO.",A,Colombo,Colombo,Colombo Divisional Secretariat
AMAL VILLA RESTAURANT,"ROBOLGODA, BENTOTA",A,Galle,Galle,Galle Divisional Secretariat
KASSAPAS DREAM,"KASSAPAS DREAM,7/2,SANGAMITTA MAWATHA,KANDY",A,Kandy,Kandy,Ganga Ihala Korale Divisional Secretariat
ALT SAABRUCKEN GERMAN RESTAURANT,"PORUTOTA ROAD, ETTUKALA, NEGOMBO",A,Gampaha,Negombo,Negombo Divisional Secretariat
AMRITH INDIAN RESTAURANT,"NO. 147, VAJIRA ROAD, COLOMBO 05",A,Colombo,Colombo,Mount Lavinia
AMIRU RESTAURANT,"NO.37/13, PUBUDU MAWATHA, MATTEGODA, POLGASOVITA",A,Colombo,Maharagama,Maharagama Divisional Secretariat
ARRIRANG RESTURANT,"NO.16,ABDUL GAFFOOR MAWATHA,COLOMBO",A,Colombo,Colombo,Colombo Divisional Secretariat
BIRDS GARDEN RESTAURANT,"NO. 50, KAUDUPELELLA, MATALE",A,Matale,Matale,Matale Divisional Secretariat
ASTON RESTURANT & BAR,"69/1B,DAM STREET COLOMBO 12",A,Colombo,Colombo,Colombo Divisional Secretariat
CAFE DE ARTIST,"NO. 31, HORTON PLACE, COLOMBO 07",A,Colombo,Colombo,Colombo Divisional Secretariat
CAFE JAPAN RESTAURANT,"NO. 07, 10TH LANE, COLOMBO 03",A,Colombo,Colombo,Colombo Divisional Secretariat
PUBS AND PLACES - ALUTHGAMA,"NO. 09, DOUGLAS GUNAWARDENA MAWATHA, ALUTHGAMA",A,Kalutara,Beruwala Pradeshiya Sabha,Beruwala Divisional Secretariat
CRICKET CLUB CAFE,"NO.12,ERNEST DE SILVE,MAWATHA.COLOMBO 07.",A,Colombo,Colombo,Thimbirigasyaya Divisional Secretariat
CEY-NOR ORIENAT SEA FOOD RESTAURANT,"NO. 335/A, D.R. WIJEWARDENA MAWATHA, COLOMBO 10",A,Colombo,Colombo,Colombo Divisional Secretariat
CUBBYS RESTAURANT,"CUBBYS RESTAURANT,85,WARAGODA ROAD,KELANIYA",A,Gampaha,Kelaniya Pradeshiya Sabha,Kelaniya Divisional Secretariat
PUBS AND PLACES (MORATUWA),"NO. 16, LADY DE SOYSA DRIVEUYANA MORATUWA",A,Colombo,Moratuwa,Moratuwa Divisional Secretariat
VISRO RESTAURANT AND BAR,"362,HANWELLA ROAD,URAPOLA",A,Gampaha,Attanagalla Pradeshiya Sabha,Attanagalla Divisional Secretariat
DESHANI EASTERN & CHINESE RESTAURANT,"NO. 376, OLD ROAD, KOTTAWA, PANNIPITIYA",A,Colombo,Maharagama,Colombo Divisional Secretariat
SUGAR BISTRO & WINE BAR,"NO. 77, GALLE ROAD, COLOMBO 03.",A,Colombo,Colombo,Colombo Divisional Secretariat
DANSCO RESTAURANT,"NO. 20/5, GALLE ROAD, GOLUMADAMA JUNCTION, MORATUWA",A,Colombo,Moratuwa,Moratuwa Divisional Secretariat
CURRY LEAVES RESTAURANT,"NO.68.W.A.SILVA MW,COLOMBO 06",A,Colombo,Colombo,Colombo Divisional Secretariat
DIAMOND REST,"NO. 315, COLOMBO ROAD, WERALUPA, RATNAPURA",A,Ratnapura,Ratnapura,Ratnapura Divisional Secretariat
DIANA CHINESE FOOD CENTRE,"NO. 23B1/1, 23B2/1 DENIYAYA ROAD, AKURESSA",A,Matara,Akuressa Pradeshiya Sabha,Akuressa Divisional Secretariat
DIMASHA RESTAURANT,"NO. 9-C, BANDDEGAMA ROAD, HIKKADUWA",A,Galle,Hikkaduwa,Hikkaduwa Divisional Secretariat
PEACH VALLEY DOUBLE HAPPY CHINESE RESTAURANT,"NO. 27 FLOWER ROAD,COLOMBO 07.",A,Colombo,Colombo,Colombo Divisional Secretariat
GRAND HOLIDAY RESORT,"VENDERLAND MAWTHA,KOLINJADIYA",A,Puttalam,Wennappuwa Pradeshiya Sabha,Wennappuwa Divisional Secretariat
DISLIN ITALIAN RESTAURANT,"NO. 571, GALLE ROAD, RAWATHAWATTA, MORATUWA",A,Colombo,Moratuwa,Moratuwa Divisional Secretariat
GREEN BAMBOO RESTURANT,"NO19/4,DE ABREW ROAD,KALUTHARA NORTH",B,Kalutara,Kalutara Pradeshiya Sabha,Kalutara Divisional Secretariat
DINESH RESTAURANT,"HANHAMUNA, MASPOTHA, KURUNEGALA",A,Kurunegala,Wariyapola Pradeshiya Sabha,Wariyapola Divisional Secretariat
GREEN CHARIOT RESTAURANT,"NO 60,NAWALAPITIYA ROAD,GAMPOLA",B,Kandy,Gampola,Gampola Divisional Secretariat
SUEHIRO LANKA RESTAURANT,"AKKARAWATTA, NABETA, MELSIRIPURA, KURUNEGALA",A,Kurunegala,Ibbagamuwa Pradeshiya Sabha,Ibbagamuwa Divisional Secretariat
E.T.S. FOODS,"NO. 21, DE VOS AVENUE, COLOMBO 04",A,Colombo,Colombo,Thimbirigasyaya Divisional Secretariat
EAT ME CHINESEE RESTAURANT,"162,PERADENIYA ROAD,KANDY",A,Kandy,Kandy,Ganga Ihala Korale Divisional Secretariat
GREEN GARDEN CHAINSSE RESTAURANT,"NO.1491 N,WEERAGALA BUILDING,KOTTAWA ROAD,PANNIPITIYA",A,Colombo,Colombo,Colombo Divisional Secretariat
GREEN VIEW CHAINESE RESTAURANT,"ELLA JUNCTION,HAPUTHALE ROAD,WELLAWAYA",A,Moneragala,Matara,Wellawaya Divisional Secretariat
GOODIES KITCHEN,"151/C,TEMPLERS RAOD,MOUNT LAVINIA",A,Colombo,Colombo,Ratmalana Divisional Secretariat
FARM HOUSE RESTAURANT,"NO.341,GALLE ROAD,HIKKADUWA",A,Galle,Hikkaduwa,Hikkaduwa Divisional Secretariat
FLORA REGION RESTAURANT,"NO.1/71,MONARAGALA ROAD,WELLAWAYA",A,Moneragala,Weeraketiya Pradeshiya Sabha,Wellawaya Divisional Secretariat
GIHANS CHINESEE RESTAURANT,"656 A,HIGH LEVAL RAOD,GANGODAVILA,NUGEGODA",A,Colombo,Colombo,Kotte Divisional Secretariat
FLOWER DRUM RESTAURANT,"418,PANNIPITIYA ROAD,PELAWATTE,BATTARAMULLA",A,Colombo,Kaduwela Pradeshiya Sabha,kaduwela Divisional Secretariat
FLOWER CITY CHINESE GUEST HOUSE AND RESTAURANT,"NO.26,T.G JAWARDHANA MW COLOMBO 03",A,Colombo,Colombo,Colombo Divisional Secretariat
FLOWER DRUM,"NO.26,THURSTON ROAD,COLOMBO03",A,Colombo,Colombo,Thimbirigasyaya Divisional Secretariat
MANGALA RECEPTION HALL & CHINESE RESTAURANT,"NO. 329, ""MUNASINGHE MAHAL"", MAKOLA ROAD, KIRIBATHGODA",A,Gampaha,Kelaniya Pradeshiya Sabha,Kelaniya Divisional Secretariat
GOLDEN MAID CHINESE RESTAURANT,"352,BASELINE ROAD,COLOMBO 9",A,Colombo,Colombo,Colombo Divisional Secretariat
MAKRIN RESTAURANT AND BAKERY,"NO. 798, HORANA ROAD, BORALESGAMUWA",A,Colombo,Boralesgamuwa,Colombo Divisional Secretariat
PUBS N PLACES -THE SHORE BY O,"43/14,OFF COLLEGE AVENUE,MOUNT LAVINIA",A,Colombo,Colombo,Dehiwala Divisional Secretariat
HESHAN RESTAURANT,"178/1 MAHABAGE ROAD,RAGAMA",B,Gampaha,Gampaha,Wattala Divisional Secretariat
FOOD LIFE CONCEPTS,"27A,ANAGARIKA DHARMAPALA MW,KANDY.",A,Kandy,Kandy,Gagawata
NEW MAY FLOWER RESTAURANT,"NO. 5/1/1, OLD KESBAWA ROAD, NUGEGODA",A,Colombo,Kotte Muncipal Council,Sri jayawadanapura
METHRA RESTAURANT,"NO. 179, STANLEY THILAKARATHNA MAWATHA, NUGEGODA",A,Colombo,Kotte Muncipal Council,Sri jayawadanapura
FLOWER SONG RESTAURANT,"137,KOTUGODELLA VIDIYA,KANDY",A,Kandy,Kandy,Kandy Divisional Secretariat
MALWARSHA TOURIST RESTAURANT,"NO. 245, MALWARUSHAWA, DEHIOWITA",B,Kegalle,Dehiowita Pradeshiya Sabha,Dehiovita Divisional Secretariat
FREE TOWN RESTAURANT,"NO.05,NEW BUS STAND,A-PURA",B,Anuradhapura,Anuradhapura,Anuradhapura East
HAUS ATHULA RESTAURANT,"149 GALLE ROAD,BENTOTA",A,Galle,Galle,Benthota Divisional Secretariat
HARITHA RESTAURANT,"86/3A,HIGH LEVAL ROAD,THUNNANA,HANWELLA.",A,Colombo,Colombo,Hanwella
JU CHUN YAN CHINESE RESTAURANT,"NO 450 B,R.A DE MEL MAWATHA,KOLLUPITIYA,COLOMBO-03",B,Colombo,Colombo,Colombo Divisional Secretariat
HANGAR BAR,"NO.62D , AT DEPARTURE/TRANSIT AREA,BIA KATUNAYAKE",A,Gampaha,Katana Pradeshiya Sabha,Katana Divisional Secretariat
FINGARA TOWN & COUNTRY CLUB,"NO. 50/21, OLD KESBEWA ROAD, RATHTHANAPITIYA, BORALESGAMUWA",A,Colombo,Boralesgamuwa,Kesbewa Divisional Secretariat
JOLLY RESTAURANT,"NO.27,PALALY ROAD,THIRUNELVELLY,JAFFNA.",A,Jaffna,Jaffna,Jaffna Divisional Secretariat
HAN GOOK GWAN- KOREAN RESTAURANT,"NO.25,HAVELOCK ROAD,COLOMBO 5",B,Colombo,Colombo,Thimbirigasyaya Divisional Secretariat
MLESNA TEA CASTLE,"NUWARA ELIYA ROAD, PATHANA, TALAWAKELE",A,Nuwara Eliya,Kandy,Yatinuwara Divisional Secretariat
HALCYON BEACH,"NO.11,PORUTHOTA ROAD,NEGOMBO",A,Gampaha,Gampaha,Negombo Divisional Secretariat
JANAKALA AVANHALA,"JANAKALA AVANHALA,KANDY ROAD,KURUNEGALA",A,Kurunegala,Kurunegala,Kurunegala Divisional Secretariat
H.S.RESTAURANT,"NO.103,COLOMBO ROAD,KANDANA",A,Gampaha,Gampaha,Gampaha Divisional Secretariat
J.N.A RESTAURANT AND BAR,"NO.26,KANDY ROAD,KIRIBATHGODA,KELANIYA",A,Gampaha,Gampaha,Gampaha Divisional Secretariat
J.L.H.BEACH RESTAURANT,"382/1,GALLE ROAD,HIKKADUWA",A,Galle,Hikkaduwa,Hikkaduwa Divisional Secretariat
MOON RIVER CHINESE SEA FOOD RESTAURANT,"NO. 140, THIMBIRIGASYAYA ROAD, COLOMBO 05",A,Colombo,Colombo,Colombo Divisional Secretariat
MOSHI MOSHI INTERNATIONAL,"NO. 594/2, GALLE ROAD, COLOMBO 03",A,Colombo,Colombo,Colombo Divisional Secretariat
MLESNA TEA FORTRESS RESTAURANT,"NO. 445, COLOMBO ROAD, KIRIBATHKUMBURA",A,Kandy,Yatinuwara Pradeshiya Sabha,Yatinuwara Divisional Secretariat
NANKING DELIGHTS CHINESE RESTAURANT,"NO. 885/1A & NO. 885 1/1D, BUTHGAMUWA ROAD, GOTHATUWA, NEWTOWN",A,Colombo,Kotikawatta Mulleriyawa Pradeshiya Sabha,Kolonnawa Divisional Secretariat
NEBULA GARDENS,"NO. 88/1, WELIPENNA ROAD, ALUTHGAMA",B,Galle,Aluthgama,Aluthgama
NETHMINA RESTAURANT,"NO. 31/1, DENIYAYA ROAD, AKURESSA",B,Matara,Akuressa Pradeshiya Sabha,Akuressa Divisional Secretariat
PUBS AND PLACES - PANADURA,"NO. 549, GALLE ROAD, PANADURA",A,Kalutara,Panadura Pradeshiya Sabha,Panadura Divisional Secretariat
NEW CITY RESTAURANT,"NO. 121, D.S. DE.S. JAYASINGHE MAWATHA, KOHUWALA",A,Colombo,Colombo,Colombo Divisional Secretariat
NEW SIGIRI RESTAURANT,"EHALAGALA, SIGIRIYA",A,Matale,Dambulla Pradeshiya Sabha,Dambulla Divisional Secretariat
NEW SUNSHINE RESTAURANT,"NO. 437, KANDY ROAD, KELANIYA",A,Gampaha,Kelaniya Pradeshiya Sabha,Kelaniya Divisional Secretariat
NEW THISARA CHINESE RESTAURANT,"NO. 22, OLD ROAD, PANNIPITIYA",A,Colombo,Maharagama,Colombo Divisional Secretariat
NICAS RESTAURANT & BAR,"NO. 361, YAKKALA ROAD, BANDARAWATTA, GAMPAHA",A,Gampaha,Gampaha,Gampaha Divisional Secretariat
KUDOS RESTAURANT & BAR,"206,HAVELOCK ROAD,COLOMBO-5",A,Colombo,Colombo,Colombo Divisional Secretariat
NILAVELI VILLAGE RESTAURANT,"WARD NO.3, GOPALAPURAM, NILAVELI",A,Trincomalee,Trincomalee,Kuchchaveli Divisional Secretariat
NIMANSALA RESTAURANT,"NO. 784, HIGH LEVEL ROAD, PANAGODA, HOMAGAMA",A,Colombo,Homagama Pradeshiya Sabha,Homagama Divisional Secretariat
KOUCHI JAPANESE RESAURANT,"265,NEW KANDY RD,KOSSWATTA,BATTARAMULLA",A,Colombo,Colombo,Colombo Divisional Secretariat
NIPUNA RESTAURANT,"NO. 57, MAIN STREET, KEGALLE",A,Kegalle,Kegalle,Kegalle Divisional Secretariat
NIRMALA RESTAURANT,"SRI JAYAWARDENAPURA ROAD, DELDUWA, WADDUWA.",A,Kalutara,Kalutara Pradeshiya Sabha,Wadduwa
PUBS AND PLACES - AMBALANGODA,"NO. 281, MAIN STREET, AMBALANGODA",A,Galle,Ambalangoda,Ambalangoda Divisional Secretariat
KINJOU CHINESE RESTAURANT,"33,AMARASEKARA MW,COLOMBO-05",A,Colombo,Colombo,Colombo Divisional Secretariat
KINGS COURT TOURIST RESORT,"THURUVIYANA,PARABAVILA,POTHUHERA",A,Kurunegala,Polgahawela Pradeshiya Sabha,Polgahawela Divisional Secretariat
KING PRAWN RESTAURANT,"630.PRINCE OF WALES AVENUE,COLOMBO14",A,Colombo,Colombo,Colombo Divisional Secretariat
RAFFLERS RESTAURANT,"NO.35,BAGATALE ROAD,COLOMBO 03",A,Colombo,Colombo,Colombo Divisional Secretariat
PARADISE ROAD THE GALLERY CAFE,"NO,02,ALFRED HOUSE ROAD,COLOMBO 03",A,Colombo,Colombo,Colombo Divisional Secretariat
NEW PARADISE TOURIST RESTAURANT,"UTHUWANKANDA, MAWANELLA",A,Kegalle,Kegalle,Mawanella Divisional Secretariat
SINHARA & COMPANY,"NO. 340, GALLE ROAD, RATMALANA",A,Colombo,Dehiwala-Mount Lavinia,Ratmalana Divisional Secretariat
THE CINNAMON HOLIDAY RESORT,"ELPITIYA ROAD,URUGASMANHANDIYA.",A,Galle,Galle,Karandeniya Divisional Secretariat
NOBEL RESTAURANT,"NO. 100/12, PORUTOTA ROAD, PALANGATURAI, KOCHCHIKADE",B,Gampaha,Gampaha,Gampaha Divisional Secretariat
RANGOON RESTAURANT,"NO. 298, GALLE ROAD, ALUTHGAMA",B,Kalutara,Kalutara Pradeshiya Sabha,Kalutara Divisional Secretariat
RAVI RESTAURANT,"NO.39,ST.ANNE'S ROAD,CHUNDIKULI,JAFFNA",A,Jaffna,Jaffna,Jaffna Divisional Secretariat
RAMPART RESTAURANT,"NO. 31, RAMPART STREET, FORT, GALLE",A,Galle,Galle,Galle Divisional Secretariat
RATHNAGIRI RASAHALA,"NO80,PUTTALAM ROAD,KURUNEGALA",B,Kurunegala,Kurunegala,Kurunegala Divisional Secretariat
ROCK VIEW RESTAURANT,"PAHALA KADUGANNAWA,KADUGANNAWA",B,Kegalle,Kegalle,Mawanella Divisional Secretariat
RIVERSIDE PARK RESTAURANT,"REST HOUSE ROAD,HANWELLA",A,Colombo,Colombo,Hanwella
RANMUTHU CHINESE RESTAURANT,"NO. 288/5, AVISAWELLA ROAD, MEGOA, KOLONNAWA, WELLAMPITIYA",A,Colombo,Kotikawatta Mulleriyawa Pradeshiya Sabha,Kolonnawa Divisional Secretariat
HASARA RESTAURANT,"NO270,DADALLA,GALLE",A,Galle,Galle,Galle Divisional Secretariat
PLANET CUZENE,"NO. 143 3/2, MOUNT CITY, GALLE ROAD, MOUNT LAVINIA",A,Colombo,Colombo,Mount Lavinia
THE PUBLIC HOUSE HOTEL & RESTAURANT,"NO. 255, KANDY ROAD, WARAKAPOLA",A,Kegalle,Kegalle,Warakapola Divisional Secretariat
THE PAN RESTAURANT,"NO.107,OLD NEGOMBO ROAD,WATTALA",A,Gampaha,Wattala Pradeshiya Sabha,Wattala Divisional Secretariat
SEVEN ELEVEN RESTAURANT & BAR,"1ST FLOOR,CAPITAL MALL,531MADIWELA RD,THALAWATHUGODA",A,Colombo,Mahara Pradeshiya Sabha,Maharagama Divisional Secretariat
THE MANGO TREE,"NO.82,DHARMAPALA MAWATHA,COLOMBO-03",A,Colombo,Colombo,Colombo Divisional Secretariat
BAYLEAF RESTAURANT,"NO.79, GEGARYS ROAD, COLOMBO 07",A,Colombo,Colombo,Thimbirigasyaya Divisional Secretariat
PRIYANTHA CHINESE RESTAURANT,"NO. 05, NEW BAY ROAD, AKURESSA",A,Matara,Akuressa Pradeshiya Sabha,Akuressa Divisional Secretariat
PRIYANGANI RESTAURANT,"NO. 16A, SIDE STREET, HATTON",A,Nuwara Eliya,Nuwara Eliya,Nuwara Eliya Divisional Secretariat
THANU RESTAURANT,"KATHIOLLOI,INUVIL EAST,INUVIL.",A,Jaffna,Jaffna,Jaffna Divisional Secretariat
PRIMA TASTE MANAGED BY UPALI,"NO. 50, SRI JAYAWARDENAPURA MAWATHA, RAJAGIRIYA.",A,Colombo,Kotte Muncipal Council,Kotte Divisional Secretariat
SADRA RESTAURANT,"NO.172/6,KANDY ROAD,KADAWATHA",A,Colombo,Colombo,Colombo Divisional Secretariat
SAVANNAH RESTAURANT,"NO. 385/A/1/1, NEGOMBO ROAD, WATTALA",A,Gampaha,Wattala Pradeshiya Sabha,Wattala Divisional Secretariat
SAKURA RESTAURANT,"NO. 14, RHEINLAND PLACE,COLOMBO 03",A,Colombo,Colombo,Thimbirigasyaya Divisional Secretariat
SAKURA RESTAURANT,"NO. 01, OLD ROAD, AGALAWATHTHA",A,Kalutara,Agalawatta Pradeshiya Sabha,Agalawatta Divisional Secretariat
SAKILA RESTAURANT,"NO. 189, KOLONNAWA ROAD, DEMATAGODA, COLOMBO 09.",A,Colombo,Colombo,Thimbirigasyaya Divisional Secretariat
SALIKA INN,"NO. 118, COLOMBO ROAD, KEGALLE",A,Kegalle,Kegalle,Kegalle Divisional Secretariat
SAMANALA PARADISE RESTAURANT,"NO. 293, KANDY ROAD, GALA JUNCTION, KELANIYA",A,Gampaha,Kelaniya Pradeshiya Sabha,Kelaniya Divisional Secretariat
SAMANALA RESTAURANT (KOTTE),"NO. 327, MADIWELA, KOTTE",A,Colombo,Maharagama,Maharagama Divisional Secretariat
SAMANALA RESTAURANT (KIRIBATHGODA),"NO. 12, KANDY ROAD, KIRIBATHGODA",A,Gampaha,Gampaha,Gampaha Divisional Secretariat
SAMANMAL CHINESE RESTAURANT,"NO. 64, UDYANA ROAD, MATARA",A,Matara,Matara,Matara Divisional Secretariat
SEA FISH RESTAURANT,"NO. 15, SRI CHITTAMPALAM A GARDENER MAWATHA, COLOMBO 02",A,Colombo,Colombo,Colombo Divisional Secretariat
SEA LION RESTAURANT,"NO. 25, KANDY ROAD, KIRIBATHGODA",A,Gampaha,Gampaha,Gampaha Divisional Secretariat
HOLLYWOOD COLOMBO,"NO. 70, HAVLOCK ROAD, COLOMBO 05",A,Colombo,Colombo,Colombo Divisional Secretariat
BROADWAY RESTAURANT,"NO. 03 1/1, STATION ROAD, DEHIWALA.",A,Colombo,Dehiwala-Mount Lavinia,Dehiwala Divisional Secretariat
PUBS AND PLACES - HOMAGAMA,"NO. 81 1/1, STATION ROAD, HOMAGAMA",A,Colombo,Homagama Pradeshiya Sabha,Homagama Divisional Secretariat
SHANGHAI CHINESE RESTAURANT,"NO. 90, GALLE ROAD, MOUNT LAVINIA",B,Colombo,Colombo,Mount Lavinia
HOTEL 198,"NO. 198, PORUTHOTA ROAD,PALANGATHURE, KOCHCHIKADE",B,Gampaha,Negombo,Negombo Divisional Secretariat
SHAN RESTAURANT,"MARASSANA ROAD, KANDAKULA, THALATHUOYA",A,Kandy,Kandy,Pathadumbara Divisional Secretariat
SENEK VIN RESTAURANT,"NO. 13, GALLE ROAD, AMBALANGODA",A,Galle,Ambalangoda,Ambalangoda Divisional Secretariat
SANHINDA LEISURE CENTER,"NO. 247/6, STANLEY THILAKARATHNA MAWATHA, NUGEGODA",A,Colombo,Colombo,Colombo Divisional Secretariat
SANJEEWA RESTAURANT,"NO. 273B, MUDUNPITAKANDA, KIRINDIWELA",A,Gampaha,Gampaha,Gampaha Divisional Secretariat
SANORA RESTAURANT,"NO. 668, PANNIPITIYA ROAD, THALAWATUGODA",A,Colombo,Kaduwela Pradeshiya Sabha,kaduwela Divisional Secretariat
SANSUCHI CAFE,"NO. 189/1, NEW KANDY ROAD, WELIWERIYA",A,Gampaha,Gampaha,Gampaha Divisional Secretariat
SAPHIRE KAROKE RESTAURANT,"NO. 20/3, ABDUL GAFFOR MAWATHA, COLOMBO 03",A,Colombo,Colombo,Thimbirigasyaya Divisional Secretariat
SOPRANOS,"NO. 29, MAITLAND CRESCENT COLOMBO 07",A,Colombo,Colombo,Colombo Divisional Secretariat
SOLIS TOURIST RESTAURANT,"NO. 533 A, NAWALA ROAD, RAJAGIRIYA",A,Colombo,Sri Jayawardenapura-Kotte,Sri jayawadanapura
SINTHAO CHINESE RESTAURANT,"NO. 8/1/2/2, DEHIWALA ROAD, MAHARAGAMA",A,Colombo,Maharagama,Maharagama Divisional Secretariat
SILVER SPOON RESTAURANT,"NO. 953, THALANGAMA SOUTH, BATTARAMULLA",A,Colombo,Kaduwela Pradeshiya Sabha,kaduwela Divisional Secretariat
SHINSHIO CHINESE RESTAURANT,"NO. 159, DUTUGAMUNU STREET, KOHUWELA, NUGEGODA",A,Colombo,Dehiwala-Mount Lavinia,Dehiwala Divisional Secretariat
SHERRY LAND RESTAURANT,"NO. 74, PORUTOTA ROAD, ETTUKALA, NEGOMBO",A,Gampaha,Negombo,Negombo Divisional Secretariat
XILATION CHINESE RESTAURANT,"NO. 126, HAVELOCK ROAD, COLOMBO 05",A,Colombo,Colombo,Colombo Divisional Secretariat
SPOON & PAN RESTAURANT,"NO. 673/1, KANDY ROAD, PELIYAGODA, PATTIYA JUNCTION-KELANIYA",A,Gampaha,Peliyagoda,Kelaniya Divisional Secretariat
SRI JAYA SADA NIKETHANAYA,"MEEGAHAPELASSA, WELIPENNAGAHAMULA",A,Kurunegala,Udubaddawa Pradeshiya Sabha,Udubaddawa Divisional Secretariat
SUMIHIRI ARUNALOKA HOTEL & RESTAURANT,"NO. 504 1/1, AMBALANGODA ROAD, KURUNDUGAHA HETHEKMA, ELPITIYA",A,Galle,Galle,Elpitiya Divisional Secretariat
PIER 3 FLOATING RESTAURANT,"NO. 38/F, D.R. WIJEWARDANA MAWATHA, COLOMBO 10",A,Colombo,Colombo,Colombo Divisional Secretariat
PARADISE CAFE & RESTAURANT,"NO. 68, ANURADHAPURA ROAD, THAMBUTTEGAMA",A,Anuradhapura,Anuradhapura,Anuradhapura East
ROYAL PALACE RESTAURANT,"NO. 14, SENANAYAKA MAWATHA, RATNAPURA",A,Ratnapura,Ratnapura,Ratnapura Divisional Secretariat
PENINSULA HOLIDAY RESTAURANT,"NO. 281, KANDY ROAD, JAFFNA",A,Jaffna,Jaffna,Jaffna Divisional Secretariat
PANORAMA RESTAURANT (KOTTAWA),"NO. 138 1/1, HIGHLEVEL ROAD, KOTTAWA",A,Colombo,Colombo,Maharagama Divisional Secretariat
SIYANA AWANHALA,"NO. 133B, DISSAWATTA, HANWELLA",A,Colombo,Seethawaka Pradeshiya Sabha,Seethawaka Divisional Secretariat
PARK STREET CAFE,"NO. 50/1, PARK STREET, COLOMBO 02",A,Colombo,Colombo,Colombo Divisional Secretariat
ELEPHANT BAY RESTAURANT,"PINNAWALAWATTA, PINNAWALA",A,Kegalle,Rambukkana Pradeshiya Sabha,Rambukkana Divisional Secretariat
UNITED RESTAURANT,"NO. 193/1, KALAPALUWAWA, RAJAGIRIYA",A,Colombo,Kaduwela Pradeshiya Sabha,kaduwela Divisional Secretariat
VAENI SEA RESTAURANT AND BAR,"NO. 25, BRASS FOUNDER STREET, COLOMBO 13",A,Colombo,Colombo,Colombo Divisional Secretariat
W.H. RESTAURANT,"NO. 18, SAMARAWEERA PLACE, WELIGAMA",A,Matara,Weligama Pradeshiya Sabha,Weligama Divisional Secretariat
WEST INN CHINESE RESTAURANT,"NO. 192, DAM STREET, COLOMBO 12",A,Colombo,Colombo,Colombo Divisional Secretariat
WINTER RESTAURANT,"NO. 19 , UNION PLACE, COLOMBO 02",A,Colombo,Colombo,Colombo Divisional Secretariat
CHANVEL RESTAURANT (BATTARAMULLA),"NO. 181/1, MAIN STREET, BATTARAMULLA",A,Colombo,Kaduwela Pradeshiya Sabha,kaduwela Divisional Secretariat
LOTUS LEAF RESTAURANT,"NO. 466, UNION PLACE, COLOMBO 02",A,Colombo,Colombo,Colombo Divisional Secretariat
LUXMI RESTAURANT,"NO. 15, RAILWAY STATION ROAD, CHUNNAKAM",A,Jaffna,Jaffna,Jaffna Divisional Secretariat
LYONS,"NO. 27, PERADENIYA ROAD, KANDY",A,Kandy,Kandy,Kandy Divisional Secretariat
RODEO PUB N RESTURANT,"NO: 35,PORUTHOTA ROAD ,ETTUKALA,NEGOMBO",B,Gampaha,Negombo,Negombo Divisional Secretariat
ROYAL PARK RESTAURANT,"NO: 115,LAKE DRIVE, RAJAGIRIYA",A,Colombo,Kotte Muncipal Council,Kotte Divisional Secretariat
LAGOON BREEZE FOOD COURT,"NO. 664, LIYANEGEMULLA, SEEDUWA",A,Colombo,Colombo,Colombo Divisional Secretariat
LANKA HANAJIMA RESTAURANT,"NO. 671, PIYADIGAMA, AHANGAMA",A,Galle,Galle,Galle Divisional Secretariat
LAVINIA BREEZE,"NO. 43/7, DE ALWIS AVENUE, OFF DE SERAM ROAD, MOUNT LAVINIA",A,Colombo,Dehiwala-Mount Lavinia,Ratmalana Divisional Secretariat
ROYAL RESTAURANT,"102/17,MATTEGODA WATTA.MATTEGODA",A,Colombo,Homagama Pradeshiya Sabha,Homagama Divisional Secretariat
LEISUREWORLD WATER PARK,"SEETHAWAKA, KALUAGGALA",A,Colombo,Seethawaka Pradeshiya Sabha,Hanwella
LETONA CAFE,"NO. 252/4,KANDY ROAD, YAKKALA.",A,Gampaha,Gampaha,Gampaha Divisional Secretariat
RUKMALI AVANHALA,"POLONNARUWA RD, MORAGASWEWA, HABARANA",B,Polonnaruwa,Hingurakgoda Pradeshiya Sabha,Hingurakgoda Divisional Secretariat
ROYAL HOST RESTAURANT,"NO 242,HIGHLEVEL ROAD,NUGEGODA",A,Colombo,Kotte Muncipal Council,Kotte Divisional Secretariat
ROYAL GARDEN,"NO. 903/18, WILLIAM GOPALLAWA MAWATHA, KANDY",A,Kandy,Kandy,Kandy Divisional Secretariat
SEMONDU,"SHOPPING PRESINT, SHOP NO. 2&3, BANK OF CEYLON MAWATHA, COLOMBO 01",A,Colombo,Colombo,Colombo Divisional Secretariat
WIP RESTAURANT,"HOTEL DEVELOPERS (LANKA) PLC, SHOPS NO. 01, OLD DUTCH HOSPITAL BUILDING, BANK OF CEYLON MAWATHA, COLOMBO 01",A,Colombo,Colombo,Colombo Divisional Secretariat
ROYAL RESTAURANT (PADAVI),"NEW TOWN,PADAVI ,SIRIPURA",A,Anuradhapura,Anuradhapura,Anuradhapura East
AYESHA RESTAURANT AND PUB,"GALLE ROAD,KALUWAMODARA,ALUTHGAMA",A,Kalutara,Beruwala Pradeshiya Sabha,Beruwala Divisional Secretariat
THE SIZZLE RESTAURANT,"32,WALUKARAMA ROAD,COLOMBO 03",A,Colombo,Colombo,Colombo Divisional Secretariat
GIHANS FAMILY RESTUARANT,"NO.90,S.DE.S.JAYASINGHA MAWATHA,KOHUWALA",A,Colombo,Dehiwala-Mount Lavinia,Dehiwala Divisional Secretariat
GOOD FOOD RESTAURANT,"NO 310,MODERA STREET, COLOMBO 15",A,Colombo,Colombo,Colombo Divisional Secretariat
GIRES RESTAURANT,"40, KANDY ROAD,GAMPOLA",B,Kandy,Gampola,Gampola Divisional Secretariat
INOKA CHINEES RESTAURANT,"719,ALUTH MAWATHA ROAD, COLOMBO 15",A,Colombo,Colombo,Colombo Divisional Secretariat
ICELAND RESIDENCIES RESTAURANT,"NO.49/16, GALLE ROAD, COLOMBO 03",A,Colombo,Colombo,Colombo Divisional Secretariat
LA - TRATTORIA,"NO.80,PANNIPITIYA ROAD, BATTARAMULLA",A,Colombo,Colombo,Colombo Divisional Secretariat
FH HOLDINGS,"418,FIRST FLOOR,GALLE ROAD, COLOMBO 03",A,Colombo,Colombo,Colombo Divisional Secretariat
OTEL RESTAURANT,"129/4, ORUTOTA ROAD,MUDUNGODA, GAMPAHA",A,Gampaha,Gampaha,Gampaha Divisional Secretariat
CO-OPERTIVE RESTAURANT,"130,GALLE ROAD, HIKKADUWA",B,Galle,Hikkaduwa,Hikkaduwa Divisional Secretariat
HILDON HOUSE,"49, MADAMPITIYA ROAD, COLOMBO 15",A,Colombo,Colombo,Colombo Divisional Secretariat
NATURE VILLAGE AND RESTATURANT,"323/11, PAHALA BOMIRIYA, KADUWELA",A,Colombo,Kaduwela Pradeshiya Sabha,kaduwela Divisional Secretariat
B.H. RESTAURANT,"N0. 464, DEANS ROAD, COLOMBO 10",A,Colombo,Colombo,Colombo Divisional Secretariat
STAR HOTEL,"NO.7, SEA STREET, COLOMBO 11",A,Colombo,Colombo,Colombo Divisional Secretariat
SAWADA LIVING CREATION,"284/1B,MAHARAGAMA ROAD,BORALESGAMUWA",A,Colombo,Colombo,Colombo Divisional Secretariat
CLUB CONCEPT RESTAURANT,"RANDENIYA, HIRIWADUNNA, KEGALLE",A,Kegalle,Kegalle,Kegalle Divisional Secretariat
GIMHAN RESTAURANT,"NO. 259/1/1, DANISTER DE SILVA MAWATHA, COLOMBO 09",A,Colombo,Colombo,Thimbirigasyaya Divisional Secretariat
GREEN VIEW HOTEL,"NO. 06, SIRIPURA WATTA, DAMBULLA ROAD, MALSIRIPURA",A,Kurunegala,Kurunegala,Kurunegala Divisional Secretariat
HAWAI RESTAURANT & PUB,"NO. 240/32/31 A, DENZIL KOBBEKADUWA MW, KOSWATTA, BATTARAMULLA",A,Colombo,Colombo,Colombo Divisional Secretariat
HOTEL FRANCIS,"NO. 389, GALLE ROAD, HIKKADUWA",A,Galle,Hikkaduwa,Hikkaduwa Divisional Secretariat
KENT RESTAURANT,"NO.270/2,KADUWELA ROAD,THALANGAMA NORTH,KOSWATTA",A,Colombo,Kaduwela Pradeshiya Sabha,kaduwela Divisional Secretariat
MANGOS,"STALL NO. 1, CRESCAT BOULEVARD, GALLE ROAD, COLOMBO 03",A,Colombo,Colombo,Colombo Divisional Secretariat
MAHARAJA PALACE RESTAURANT,"NO. 1/A, RAJAKEEYA MAWATHA, COLOMBO 07",A,Colombo,Colombo,Colombo Divisional Secretariat
RAJEEI RESTAURANT,"RAMALINGAM ROAD, THIRUNELVELLY, JAFFNA",A,Jaffna,Jaffna,Jaffna Divisional Secretariat
RALIDIYA RESTAURANT,"PINNAWALA, RAMBUKKANA",A,Kegalle,Rambukkana Pradeshiya Sabha,Rambukkana Divisional Secretariat
NEW RANRO RESTAURANT,"NO. 462, COLOMBO ROAD, PILIMATALAWA",A,Kandy,Kandy,Yatinuwara Divisional Secretariat
RANVIYANA RESTAURANT,"NO. 319/A/01, HIGHLEVEL ROAD, GALAGEDERA, PADUKKA",A,Colombo,Seethawaka Pradeshiya Sabha,Seethawaka Divisional Secretariat
NEW RANSILU RESTAURANT,"NO. 436/73, ELVITIGALA MAWATHA, COLOMBO 05",A,Colombo,Colombo,Thimbirigasyaya Divisional Secretariat
RHYTHM & BLUES,"NO. 19/1A, DAISY VILLA AVENUE.,DUPLICATION ROAD,COLOMBO 04",A,Colombo,Colombo,Thimbirigasyaya Divisional Secretariat
THE DEN,"NO.418/1/1,1ST FLOOR,GALLE ROAD,COLOMBO 03.",A,Colombo,Colombo,Thimbirigasyaya Divisional Secretariat
THE WHITE ROSE TOURIST RESTAURANT,"PORUTOTA ROAD, ETTUKALA, NEGOMBO",A,Gampaha,Negombo,Negombo Divisional Secretariat
TIVERTON CHINESE RESTAURANT,"NO. 225, COLOMBO STREET, KANDY",A,Kandy,Kandy,Kandy Divisional Secretariat
THE PAVILION,"NO. 100/10, INDEPENDENCE AVENUE,COLOMBO-07",B,Colombo,Colombo,Thimbirigasyaya Divisional Secretariat
THE STATION S.U.N,"NO. 41/1, WASALA RD, DEHIWALA",A,Colombo,Dehiwala-Mount Lavinia,Dehiwala Divisional Secretariat
PUBS AND PLACES-NAWALA,"NO. 277/3/1,STANLEY THILAKARATHNE MAWATHA,NUGEGODA.",A,Colombo,Colombo,Colombo Divisional Secretariat
SHANGHAI TERRACE,"811, KOTTE ROAD, ETHUL KOTTE",A,Colombo,Colombo,Colombo Divisional Secretariat
GOLDEN MERMAID HOTELS,"359,GALLE ROAD,WARAHENA ,BENTOTA",A,Galle,Bentota Pradeshiya Sabha,Benthota Divisional Secretariat
AMBEPUSSA AVANHALA,"AMBEPUSSA,WARAKAPOLA",A,Kegalle,Kegalle,Warakapola Divisional Secretariat
ARPICO FOOD COURT,"679,PERADENIYA RD,KANDY",A,Kandy,Kandy,Kandy Divisional Secretariat
PUBS AND PLACES (DIYAWANNA),"NO 117,BUTHGAMUWA ROAD,KOTUWEGODA.",A,Colombo,Colombo,Colombo Divisional Secretariat
SUPIPI LANKA RESTAURANT & PUB,"765/B, THORANA JUNCTION, KANDY ROAD, KALANIYA",B,Gampaha,Peliyagoda,Mahara Divisional Secretariat
QBAA,"02,DE FONSEKA ROAD, COLOMBO - 05",A,Colombo,Colombo,Colombo Divisional Secretariat
PUBS AND PLACES (COLOMBO),"43-2/1, MAITLAND CRESCENT,COLOMBO 07.",A,Colombo,Colombo,Thirukkovil Divisional Secretariat
OAK RAY RESTAURANT.,"NO 09, 2ND RAJASINGHE MAWATHA, GATABE, KANDY.",A,Kandy,Kandy,Kandy Divisional Secretariat
S.K RESTURANT,"URUTHIRAPURAM,PERIYAPARANTHAN,KILINOCHCHI.",A,Kilinochchi,Karachchi,Karachchi
BEEHIVE BY RNR,"MS 04,RACE COURSE,REID AVENUE,COLOMBO 07.",A,Colombo,Colombo,Colombo Divisional Secretariat
SENSASIA,"NO 96/A/3,PERALANDA,RAGAMA",B,Gampaha,Gampaha,Ja-Ela Divisional Secretariat
SARAVA VILLAGE,"NO. 609, GALLE ROAD, NARIGAMA, HIKKADUWA",B,Galle,Hikkaduwa,Hikkaduwa Divisional Secretariat
CLEOPATRA RESTAURANT,"NO. 250 B1, R.A.DE MEL MAWATHA, COLOMBO 03",A,Colombo,Colombo,Thimbirigasyaya Divisional Secretariat
41 SUGAR,"NO. 41 1/2, MAITLAND CRESCENT, COLOMBO 07.",A,Colombo,Colombo,Thimbirigasyaya Divisional Secretariat
NIPUNA RESTAURANT (ALAWWA),"NO. 372, COLOMBO ROAD, KAPUWARALA, ALAWWA",A,Kurunegala,Alawwa Pradeshiya Sabha,Alawwa Divisional Secretariat
SOVEREIGN GERMAN RESTUARANT,"NO. 157, NAWALA ROAD, NUGEGODA",A,Colombo,Kotte Muncipal Council,Kotte Divisional Secretariat
BEACH WADIYA,"NO. 02, STATION AVENUE, COLOMBO 06",A,Colombo,Colombo,Colombo Divisional Secretariat
BARS CAFE,"NO. 24, DEAL PLACE, COLOMBO 03",A,Colombo,Colombo,Colombo Divisional Secretariat
MINISTRY OF CRAB,"SHOP 4, OLD DUTCH HOSPITAL BUILDING BANK OF CEYLON MAWATHA, COLOMBO FORT",A,Colombo,Colombo,Colombo Divisional Secretariat
NIPPON RESTAURANT,"NO.32,SRI MOHOMED MACAN MARKAR MAWATHA ,COLOMBO 03",A,Colombo,Colombo,Colombo Divisional Secretariat
GRAND MONARCH,"NO 527/7,BORELLA ROAD,THALAWATHUGODA",A,Colombo,Maharagama,Maharagama Divisional Secretariat
JO - JOS PLACE,"NO. 43/6 A , DE ALWIS AVENUE , MOUNT LAVINIA",B,Colombo,Colombo,Colombo Divisional Secretariat
RONS RESTAURANT & BAR,"NO. 160 , MAKOLA ROAD , KIRIBATHGODA",B,Gampaha,Kelaniya Pradeshiya Sabha,Kelaniya Divisional Secretariat
THE NEW PAN RESTAURANT,"NO. 218/4 , NEGOMBO ROAD , WATTALA",A,Gampaha,Gampaha,Gampaha Divisional Secretariat
TSING TAO,"MS -5 FIRST FLOOR,RACE COURSE,REID AVENUE,COLOMBO 7",A,Colombo,Colombo,Colombo Divisional Secretariat
JACK TREE RESTAURANT,"NO:200,PARK ROAD,COLOMBO 5",A,Colombo,Colombo,Colombo Divisional Secretariat
MALLIKA TRADING COMPLEX,"KANDY ROAD,KENGALLA.",B,Kandy,Kundasle,Kundasale Divisional Secretariat
PUBS AND PLACES (HIKKA CAFE),"NO 317,GALLE ROAD,HIKKADUWA",B,Galle,Hikkaduwa,Hikkaduwa Divisional Secretariat
NEW BLUE LAGOON RESTURANT,"NO 63/33,RANTHAMBILIGAHAWATTA,MORAGALLA,ALUTHGAMA",B,Kalutara,Beruwala Pradeshiya Sabha,Beruwala Divisional Secretariat
VIENNA KAROKE BAR AND RESTAURANT,"6A,6AY,ALFRED HOUSE ROAD,COLOMBO 3",B,Colombo,Colombo,Colombo Divisional Secretariat
TAMARIND TREE,"NO:5,BASELINE ROAD,AVARIWATTA,KATUNAYAKA",B,Gampaha,Katunayake-Seeduwa,Katana Divisional Secretariat
TAPHOUSE BY R N R,"DUTCH HOSPITAL BUILDNE,COLOMBO 01",A,Colombo,Colombo,Colombo Divisional Secretariat
E.A.P.RESTAURANT,"NO:20,DR.N.M.PERERA MAWATHA,COLOMBO 08",A,Colombo,Colombo,Thimbirigasyaya Divisional Secretariat
GAWRAWA NETHWAN,"NO:89/1,HIGHLEVEL ROAD,KOTTAWA,PANNIPITIYA",A,Colombo,Maharagama,Maharagama Divisional Secretariat
SEASONS,"250/215,LIBERTY PLAZA,2ND FLOOR,R.A DE MEL MAWATHA,COLOMBO 3",A,Colombo,Colombo,Colombo Divisional Secretariat
SUN FLOWERS RESTAURANT,"BEACH SIDE,OFF POLICE BUNGLOW ROAD,MORAGALLA,BERUWALA",B,Kalutara,Beruwala Pradeshiya Sabha,Beruwala Divisional Secretariat
TROPICAL VILLAGE RESORT,"PALWEHERA,DAMBULLA",B,Matale,Dambulla Pradeshiya Sabha,Dambulla Divisional Secretariat
MACHAN (PANNIPITIYA),"179/5,HIGH LEVEL ROAD,PANNIPITIYA",A,Colombo,Maharagama,Maharagama Divisional Secretariat
LUFORTUNE,"108/1,SIRIBOPURA,HAMBANTOTA",B,Hambantota,Hambantota,Hambantota Divisional Secretariat
KINNAREE RESTAURANTS,"62A, 1ST FLOOR, CHATHAM STREET, COLOMBO 1.",A,Colombo,Colombo,Colombo Divisional Secretariat
LA FIESTA RESTURANT AND BAR,"62/4 CHATHAM STREET FORT,COLOMBO 1",A,Colombo,Colombo,Colombo Divisional Secretariat
MANJE RESTURANT,"NO 622,ANURADHAPURA ROAD,DAMBULLA",B,Matale,Dambulla Pradeshiya Sabha,Dambulla Divisional Secretariat
JETTERS,"NO 103E/4,NEW KANDY ROAD,KOTALAWALA,KADUWELA",A,Colombo,Kaduwela Pradeshiya Sabha,kaduwela Divisional Secretariat
JAMBO RESTAURANT,"NATIONAL ZOOLOGICAL GARDEN ,DEHIWALA",A,Colombo,Dehiwala-Mount Lavinia,Dehiwala Divisional Secretariat
C LOUNGE,"16/2,SCHOFIELD PLACE,COLOMBO",A,Colombo,Colombo,Colombo Divisional Secretariat
T LOUNGE BY DILMAH,"62/2,CHATHAM STREET,COLOMBO 1",B,Colombo,Colombo,Colombo Divisional Secretariat
SHANGHAI RESTAURANT,"NO: 209,HORANA ROAR,PILIYANDALA",B,Colombo,Colombo,Colombo Divisional Secretariat
PRASANGIKA RESTURANT,"NO 139,KURUSA HANDIYA,PUGODA",B,Gampaha,Gampaha,kiridiwela
CHANNA RESTURANT,"B 7 ,KANDY ROAD,MEEPITIYA,KEGALLE",A,Kegalle,Kegalle,Kegalle Divisional Secretariat
THE BOULEVARD,"NO 33,QUEENS ROAD,COLOMBO 03",A,Colombo,Colombo,Thimbirigasyaya Divisional Secretariat
LONG TENG CHINESE RESTURANT,"NO 347,KANDY ROAD,AMBEPUSSA,WARAKAPOLA",A,Kegalle,WARAKAPOLA,Warakapola Divisional Secretariat
MACHAN (DAMBULLA),"NO 34,MIRISGONIYA,TRINCO ROAD,DAMBULLA",A,Matale,Dambulla Pradeshiya Sabha,Dambulla Divisional Secretariat
VICEROY SPECIAL RESTURANT,"C/0,JF TOURS,TRAVEL (CEY)LTD,58,HAVLOCK ROASD,COLOMBO 05",B,Colombo,Colombo,Thimbirigasyaya Divisional Secretariat
SHIRANI RESTAURANT,"N0.53/1/1, D.S SENANAYAKE MW, COLOMBO 08.",A,Colombo,Colombo,Colombo Divisional Secretariat
MACHAN (JA ELA),"300.TUDELLA,JA ELA",A,Gampaha,Gampaha,Ja-Ela Divisional Secretariat
MACHAN (NEGAMBO),"21,MINUWANGODA ROAD,NEGAMBO",A,Gampaha,Negombo,Negombo Divisional Secretariat
SEA FOOD RESTAURANT,"NO 344,MATARA ROAD,TANGALLE",A,Hambantota,Tangalle Pradeshiya Sabha,Tangalle Divisional Secretariat
TGI FRIDAYS,"23,CANAL ROW,FORT,COLOMBO 01",A,Colombo,Colombo,Colombo Divisional Secretariat
SAMANALA RESTAURANT (MAHO),"KITULHERAGAMA, NAGOLLAGAMA, MAHO",B,Kurunegala,Kurunegala,Kurunegala Divisional Secretariat
DOLCE VITA,"27,PORUTHOTA ROAD,ETHUKALA,NEGAMBO",B,Gampaha,Negombo,Negombo Divisional Secretariat
AMBA SEVANA RESTAURANT,"154/A,KANDY ROAD,DALUGAMA,KELANIYA",B,Gampaha,Gampaha,Gampaha Divisional Secretariat
GAYANS FAMILY RESTURANT,"296,HOSPITAL ROAD,NEW TOWN,MULLERIYAWA",B,Colombo,Kolonna Pradeshiya Sabha,Kolonnawa Divisional Secretariat
THIDAS ARANA RESTAURANT,"23RD MILE POST,BENDIWEWA,POLONNARUWA",A,Polonnaruwa,Polonnaruwa,Thamankaduwa Divisional Secretariat
HOTEL RIVER ISLAND,"CHRISTOPER MAWATHA,WENNAPPUWA.",A,Puttalam,Wennappuwa Pradeshiya Sabha,Puttalam Divisional Secretariat
SANPAOLO GARDENS RESTURANT,"CHARLES WILLIAM MW,WEWNNAPPUWA",A,Puttalam,Wennappuwa Pradeshiya Sabha,Wennappuwa Divisional Secretariat
FUNKY DE BAR,"NO:538/2,538/1,WEWALA,GALLE ROAD,HIKKADUWA",B,Galle,Hikkaduwa,Hikkaduwa Divisional Secretariat
PEKING PALACE,"NO:262/A,NAWALA ROAD,NAWALA",A,Colombo,Sri Jayawardenapura-Kotte,Sri jayawadanapura
CLIQUE RESTAURANT,"505,UNION PLACE,COLOMBO 02",A,Colombo,Colombo,Colombo Divisional Secretariat
AMARAVATHI RESTAURANT,"NO 02,MILE POST AVENUE,COLOMBO 02",A,Colombo,Colombo,Colombo Divisional Secretariat
UPALIS BY NAWALOKA,"NO 65,C.W.W KANNANGARA MW,COLOMBO 07",A,Colombo,Colombo,Colombo Divisional Secretariat
IBIZA RESTAURANT,"387 D 2/1 ,GALLE ROAD ,RATHMALANA",B,Colombo,Colombo,Ratmalana Divisional Secretariat
ROYAL CHINES RESTAURANT,"NO:12/2,KOSWATTA,RATHMALE RD,KEKENADURA",B,Matara,Matara,Matara Divisional Secretariat
WHIGHTE AND CO CAFE,"24,ALOE AVENUE ,COLOMBO 03",A,Colombo,Colombo,Thimbirigasyaya Divisional Secretariat
VICEROY II,"58,HAVELOCK ROAD,COLOMBO 05",B,Colombo,Colombo,Thimbirigasyaya Divisional Secretariat
RAILWAY CATERING SERVICE,RAILWAY STATION FORT.,B,Colombo,Colombo,Colombo Divisional Secretariat
TRANQUIL ULTRA LOUNGE,"NO:85B,DHARMAPALA MAWATHA,COLOMBO 7",A,Colombo,Colombo,Colombo Divisional Secretariat
FLAMINGO HOUSE,"NO 56/5,58 A,HORTON PLACE,COLOMBO 07",A,Colombo,Colombo,Colombo Divisional Secretariat
TUSKER RESTAURANT,"83, ETHUKALA ROAD, KATUWA",A,Gampaha,Negombo,Negombo Divisional Secretariat
WHICH WAY WEST-CAFE-PUB-LOUNGE,"UNIT L/FF,FIRST FLOOR,THE LIBERTY ARCADE,NO.282 R.A. DE MEL MAWATHA, COLOMBO 03",A,Colombo,Colombo,Colombo Divisional Secretariat
ORO 1889,"SHOP 5,LEVEZ 2,282 R.A.DE MEL MAWATHA,COLOMBO 03",B,Colombo,Colombo,Colombo Divisional Secretariat
LEMONGRASS (PALAWATTA),"241,PANIPITYA ROAD,PALAWATTA",A,Colombo,Kaduwela Pradeshiya Sabha,kaduwela Divisional Secretariat
NOMADS & CO,"NO:66/3,WARD PLACE,COLOMBO 7",A,Colombo,Colombo,Colombo Divisional Secretariat
WINE CONNECTION,"NO 30 (SHOP NO 03), INDEPENDENCE SQUARE, COLOMBO 07.",A,Colombo,Colombo,Colombo Divisional Secretariat
KAEMASUTRA RESTURANT,"NO 30,INDEPENDENCE SQUARE,COLOMBO 07",A,Colombo,Colombo,Thimbirigasyaya Divisional Secretariat
PREGO,"NO 02E,PORUTHOTA ROAD,NEGAMBO",A,Gampaha,Negombo,Negombo Divisional Secretariat
KING TASTE RESTURANT,"NO 04,BANDARANAYAKA MW,KATUBEDDA,MORATUWA",A,Colombo,Moratuwa,Moratuwa Divisional Secretariat
CAFE CEYLON RESTAURANT,"MATARA ROAD,KABALANA,AHANGAMA",A,Galle,Habaraduwa,Habaraduwa Divisional Secretariat
BLUE SKY RESTAURANT,"NO:109,DEHIWALA RD,MAHARAGAMA",A,Colombo,Mahara Pradeshiya Sabha,Maharagama Divisional Secretariat
MIYULA RESTAURANT,"KANDY COLOMBO ROAD,PAHALA KADUGANNAWA,HINGULA",B,Kegalle,Kegalle,Kegalle Divisional Secretariat
169 RESTURANT,"NEW ROAD,NEAR ECONOMIC CENTER,DAMBULLA",B,Matale,Dambulla Pradeshiya Sabha,Dambulla Divisional Secretariat
SENWIN RESTAURANT,"NO 266A, MANAMPITA, THALGASWALA",A,Galle,Nivitigala Pradeshiya Sabha,Niyagama Divisional Secretariat
TALPE BEACH,"NO 1042, MATARA ROAD, TALPE, GALLE",A,Galle,Habaraduwa,Habaraduwa Divisional Secretariat
KANDOORI RESTAURANT (COLOMBO),"17,CHARLIMONT ROAD,COLOMBO 06",A,Colombo,Colombo,Colombo Divisional Secretariat
THE SUSHIBAR SAMURAI,"ETHUKALE,PORUTOTA ROAD,NEGOMBO",A,Gampaha,Negombo,Negombo Divisional Secretariat
TSUKIJI UOICHI,"WP 07,NO 30, ARCADE INDEPENDANCE SQUARE,COLOMBO 07",A,Colombo,Colombo,Colombo Divisional Secretariat
YUZHENGE RESTAURANT,"51C,ALEXANDRA PLACE,COLOMBO 07",A,Colombo,Colombo,Colombo Divisional Secretariat
SINGHARAJA,"120,GALLE ROAD KALUEAMODARA,ALUTHGAMA",A,Kalutara,Beruwala Pradeshiya Sabha,Beruwala Divisional Secretariat
CITY RESTAURANT,"MANATKUDIYIRUPPU,MULLAITIVU",B,Mullaitivu,Mulatiyana Pradeshiya Sabha,Mulatiyana Divisional Secretariat
TAPHOUSE BY RNR,"SHOP NO- GF 07,DUTCH HOSPITAL SHOPPING PRECINT,GALLE FORT,GALLE",A,Galle,Galle,Galle Divisional Secretariat
RASARA RESTAURANT,"NO 35 POTUVIL ROAD,DOMBAGAHAWELA,MONARAGALA",B,Moneragala,Siyambalanduwa,Siyambalanduwa Divisional Secretariat
TANG DYNASTY CHINESE RESTAURANT,"NO 75,DICKMANS ROAD,COLOMBO 05",A,Colombo,Colombo,Colombo Divisional Secretariat
DAFFODIL HOTEL,"KOYIL KUDIYIRUPPU, MULLATIVU.",A,Mullaitivu,Maritimepattu Divisional Secretariat,Mullaitivu Divisional Secretariat
KAMLO SEA FOOD RESTAURANT,"62,PORUTHOTA ROAD,ETTUKALA,NEGOMBO",B,Gampaha,Negombo,Negombo Divisional Secretariat
ROSANDA RESTAURANT,"NO.107/4 KURUNEGALA ROAD,KOTADENIYAWA",B,Gampaha,Divulapitiya Pradeshiya Sabha,Divulapitiya Divisional Secretariat
HOTEL PARAMA,"NO.370,DELGAHAWATTA,MEETIYAGODA.",B,Galle,Ambalangoda,Ambalangoda Divisional Secretariat
WANAPETHA RESTAURANT,"129/1, HORANA ROAD, KESBEWA.",B,Colombo,Kesbewa,Kesbewa Divisional Secretariat
THE WHITE HOUSE RESTAURANT.,"NO 31 GALLE ROAD, AMBALANGODA.",A,Galle,Ambalangoda,Ambalangoda Divisional Secretariat
ANKARA TURKISH RESTAURANT,25 MILAGIRIYA AVENUE COLOMBO 04,A,Colombo,Colombo,Colombo Divisional Secretariat
LA ROZA RESTAURANT,"400/1, AVISSAWELLA ROAD, IHALA BOMIRIYA, KADUWELA.",B,Colombo,Kaduwela Pradeshiya Sabha,kaduwela Divisional Secretariat
THE GRAND TOURIST HOLIDAY RESORT,"4/B/2,STAGE 1,LAKE ROAD,HARISCHANDRA MAWATHA,ANURADHAPURA.",B,Anuradhapura,Anuradhapura,Anuradhapura East
DKN CAFE,"475/C,SRI JAYAWARDENAPURA MAWATHA,WELIKADA,RAJAGIRIYA.",A,Colombo,Sri Jayawardenapura-Kotte,Sri jayawadanapura
GAMMANAYA ECO TOURISM RESTAURANT.,"MURAPOLA JUNCTION,SINHARAJA ROAD,DENIYAYA.",B,Matara,Matara,Kotapola Divisional Secretariat
GRAND BEIJING SEAFOOD CHINESE RESTAURANT,"NO.62 A,DHARMAPALA MAWATHA,COLOMBO 03",A,Colombo,Colombo,Colombo Divisional Secretariat
GRAND LAKE HOTEL,"NO.04, LOYIDS AVENUE,BATTICALOA.",B,Batticaloa,Batticaloa,Batticaloa Divisional Secretariat
SRI SIAM AUTHENTIC THAI RESTAURANT,"68,W.A SILVA MAWATHA, WELLAWATTE,COLOMBO 06",B,Colombo,Colombo,Thimbirigasyaya Divisional Secretariat
10 10 KRUA THAI,"NO.446,PANNIPITIYA ROAD, PELAWATTA.",A,Colombo,Colombo,Colombo Divisional Secretariat
THE CLUB,"NO.3B2, SHOPPING COMPLEX, GREENS ROAD, NEGOMBO.",B,Gampaha,Negombo,Negombo Divisional Secretariat
CAFE FRANCAIS BY POURCEL,"NO.48, GROUND FLOOR, PARK STREET, COLOMBO 02.",A,Colombo,Colombo,Colombo Divisional Secretariat
PEDLARS INN CAFE,"NO.92,PEDLARS STREET,FORT,GALLE.",A,Galle,Galle,Galle Divisional Secretariat
SILK ROAD CHINESE RESTAURANT,"NO.7A, SIR EARNEST DE SILVA MAWATHA, COLOMBO 07.",A,Colombo,Colombo,Thimbirigasyaya Divisional Secretariat
CLEMENTS,"NO.21,STATION ROAD,WATTALA.",A,Gampaha,Wattala Pradeshiya Sabha,Wattala Divisional Secretariat
RED ORCHIDS,"NO.35,CASTLE LANE,COLOMBO 04",A,Colombo,Colombo,Colombo Divisional Secretariat
PANACEA RESTAURANT,"NO.179/5,HIGH LEVEL ROAD,PANNIPITIYA",B,Colombo,Maharagama,Maharagama Divisional Secretariat
MONTE ZITA RESTAURANT,"39A,HORTON PLACE, COLOMBO 07",A,Colombo,MC,Thimbirigasyaya Divisional Secretariat
SEOUL,"NO.28/1,HORTON PLACE,COLOMBO 07",A,Colombo,Colombo,Colombo Divisional Secretariat
ANARGAYA RESTAURENT,"BATADUWA,BATAPOLA",B,Galle,Ambalangoda,Ambalangoda Divisional Secretariat
GOLDEN RIVER HOLIDAY RESORT,"GORAKAGAHA JUNCTION,BORALLA ROAD,WENNAPPUWA.",B,Puttalam,Wennappuwa Pradeshiya Sabha,Wennappuwa Divisional Secretariat
XIANG YUN CHINESE RESTAURANT,"NO:935,PERADENIYA ROAD,KANDY",A,Kandy,Kandy,Kandy Divisional Secretariat
OFF THE HOOK,"NO:180,PARK ROAD,COLOMBO 05",A,Colombo,Colombo,Thimbirigasyaya Divisional Secretariat
ENJOLA RESTAURANT,"ALUGOLLA ROOD, KATUKENDA, BADALGAMA",B,Gampaha,Divulapitiya Pradeshiya Sabha,Divulapitiya Divisional Secretariat
DIO JEY RESTAURENT,"NO.145/1A, GIRIDARA, KAPUGODA",B,Gampaha,Dompe Pradeshiya Sabha,Dompe Divisional Secretariat
WAAHALKADA RESTAURANT,"NO:322,KANDY ROAD,AMBEPUSSA,WARAKAPOLA",B,Kegalle,WARAKAPOLA,Warakapola Divisional Secretariat
MISS SUGAR,"NO:246,LEWIS PLACE,NEGOMBO,SRILANKA",A,Gampaha,Negombo,Negombo Divisional Secretariat
GARTONS ARK RESTAURANT,"09/47, 06TH LANE, PAGODA ROAD, NUGEGODA.",A,Colombo,Kotte Muncipal Council,Kotte Divisional Secretariat
TURF RESTAURANT,"NO. 08, GRAND STAND RACE COURSE, REID AVENUE, COLOMBO 07",A,Colombo,Colombo,Colombo Divisional Secretariat
SHANDONG THE CHINESE KITCHEN,"NO. 1092, SRI JAYAWARDENAPURA MAWATHA, WELIKADA, RAJAGIRIYA",A,Colombo,Kotte Muncipal Council,Kotte Divisional Secretariat
BERLIN SKY LOUNGE,"NO. 101/11, HUNUPITIYA LAKE ROAD, COLOMBO 02",A,Colombo,Colombo,Colombo Divisional Secretariat
THE TUNA AND THE CRAB,"GF 01-OLD DUTCH HOSPITAL,GALEE FORT, GALLE",A,Galle,Galle,Galle Divisional Secretariat
KANDY KITCHEN,"NO 483,WILLIAM GOPALLAWA MAWATHA,KANDY",A,Kandy,Kandy,Kandy Divisional Secretariat
PST RESTAURANT,"NO 48/A, PARK STREET,COLOMBO 02",A,Colombo,Colombo,Colombo Divisional Secretariat
BLUE SKY RESTAURANT,"NO 85/2/1 OLCOTT MAWATHA, COLOMBO 11",B,Colombo,Colombo,Colombo Divisional Secretariat
CHAPTER ONE,"931C,KOTTE ROAD,KOTTE",A,Colombo,Kotte Muncipal Council,Sri jayawadanapura
SUDARSHAN RESTAURANT,"NO 08,FRANKFORT PLACE,COLOMBO 04.",A,Colombo,Colombo,Colombo Divisional Secretariat
ROYAL SIGIRIYA RESTAURANT,"POTHANA KIBISSA, SIGIRIYA",B,Matale,Dambulla Pradeshiya Sabha,Dambulla Divisional Secretariat
HERITAGE RESTAURANT,"NO 13O, CENTRAL GARDEN LAND, MADAWALA ULPATHA.",A,Matale,Matale,Pallepola Divisional Secretariat
NALLUR BHAVAN,"250, TEMPLE ROAD, NALLUR, JAFFNA",B,Jaffna,Jaffna,Jaffna Divisional Secretariat
MATHURA MADRAS WOODLANDS,"16, MELBOURNE AVENUE, COLOMBO 04",A,Colombo,Colombo,Thimbirigasyaya Divisional Secretariat
THE RE-PUB.LK,"57, HOSPITAL STREET, COLOMBO 01.",A,Colombo,Colombo,Colombo Divisional Secretariat
BLUE SAPPHIRE RESTAURANT,"NO:156/158, HAPUTHALE ROAD, WELLAWAYA",B,Moneragala,Wellawaya,Wellawaya Divisional Secretariat
SUGAR,"G05, OLD DUTCH HOSPITAL, FORT, GALLE",B,Galle,Galle,Galle Divisional Secretariat
TONG NI ROAST MEAT RESTAURANT,"NO.59, WALUKARAMA ROAD, COLOMBO 03",A,Colombo,Colombo,Colombo Divisional Secretariat
THE MANHATTAN FISH MARKET,"997/1,SRI JAYAWARDANAPURA ROAD,RAJAGIRIYA.",A,Colombo,Sri Jayawardenapura-Kotte,Sri jayawadanapura
BARRACUDA SEA FOOD & GRILL,"41/2AWASALA ROAD,DEHIWALA",B,Colombo,Colombo,Dehiwala Divisional Secretariat
VOC CAFE,"DUTCH BURGHER UNION, NO 114, REID AVENUE, COLOMBO 04",B,Colombo,Colombo,Colombo Divisional Secretariat
SKY BOLLYWOOD LOUNGE,"NO-9,STATION ROAD,COLOMBO-04",A,Colombo,Colombo,Colombo Divisional Secretariat
LAVINIA RESTAURANT & HOTEL,"NO 43, BEACH ROAD, MT. LAVINIA",B,Colombo,Dehiwala-Mount Lavinia,Dehiwala Divisional Secretariat
LOBBY BISTRO PLATINUM 1,"NO:1, BAGATALLE ROAD, COLOMBO 03",A,Colombo,Colombo,Thimbirigasyaya Divisional Secretariat
DOMINANT RAJAGIRIYA,"RECEPTION HALL, WELIKADA, RAJAGIRIYA",A,Colombo,Kotte Muncipal Council,Kotte Divisional Secretariat
OSTERIA ROMANA INDURUWA,"MUDIYANSE RALAHAMY'S ESTATE, YALEGAMA, INDURUWA",A,Galle,Bentota Pradeshiya Sabha,Benthota Divisional Secretariat
KUURAKU JAPANESE RESTAURANT,"48B, PARK STREET, COLOMBO02",A,Colombo,Colombo,Colombo Divisional Secretariat
MAKYE AME RESTAURANT,"NO 4 1/1, VAJIRA ROAD, COLOMBO 04",B,Colombo,Colombo,Colombo Divisional Secretariat
MOMO,"NO.11, NEGOMBO ROAD, WATTALA",A,Gampaha,Wattala Pradeshiya Sabha,Wattala Divisional Secretariat
THE REGENT COUNTRY CLUB,"5/1,21ST LANE, ISURUPURA,MALABE",A,Colombo,Kaduwela Pradeshiya Sabha,kaduwela Divisional Secretariat
CANTEN CHINESE RESTAURANT,"NO.21SOMADAVI PL, KIRULAPONE AV COLOMBO 05",B,Colombo,Colombo,Colombo Divisional Secretariat
COCKPIT COLOMBO,"NO 7, 07A, 07/1B, FIFE ROAD, COLOMBO 04",A,Colombo,Colombo,Colombo Divisional Secretariat
CEYLON TEA FACTORY RESTAURANT,"NO 05, WATHTHIRIYAWA WATTA, PASSARA ROAD, ELLA",A,Badulla,Ella Pradeshiya Sabha,Ella Divisional Secretariat
HOTEL INDOORA,"PUTTALAM ROAD, THITTAWELLA, KURUNAGALA",A,Kurunegala,Kurunegala,Maspotha Divisional Secretariat
DINE INN REATAURANT,"NO 47, W. A SILVA MAWATHA, COLOMBO 06",A,Colombo,Colombo,Colombo Divisional Secretariat
THE SIZZLE,"29/1,STATION ROAD,DEHIWALA",A,Colombo,Dehiwala-Mount Lavinia,Dehiwala Divisional Secretariat
FILL FAMILY RESTAURANT,"NO 83, COLOMBO ROAD, KANDANA",B,Gampaha,MC,Ja-Ela Divisional Secretariat
SUSHI BAR SAMURAI,"226 1/1 SRI JAYAWARDANA PURA MW, RAJAGIRIYA",A,Colombo,Kotte Muncipal Council,Kotte Divisional Secretariat
H.BROTHER'S BROASTED CHICKEN,"NO- 163 DEANS ROAD, COLOMBO-10",A,Colombo,MC,Colombo Divisional Secretariat
GOLDEN SPOON SPICES,"27E, HOSPITAL ROAD, DEHIWELA",A,Colombo,Dehiwala-Mount Lavinia,Dehiwala Divisional Secretariat
FREE TRADE ZONE LIANA,"BOI SPORT COMPLEX,AWERIWATTA,KATUNAYAKE",B,Gampaha,Katana Pradeshiya Sabha,Katana Divisional Secretariat
SILK LOUNGE AND RESTAURANT,"41-,3/1,MAITLAND CRESCENT,COLOMBO 7",A,Colombo,Colombo,Colombo Divisional Secretariat
LAK LAGUNA RESTAURANT,"78 MAIN ROAD,KALPITIYA,",B,Puttalam,Kalpitiya Pradeshiya Sabha,Puttalam Divisional Secretariat
THE EXCHANGE RESTAURANT,"NO. 39/4/1,CANAL RAW,COLOMBO 01.",B,Colombo,Colombo,Colombo Divisional Secretariat
MATHURA MADRAS WOODLANDS,"165,MAIN STREET,BATHTHARAMULLA",A,Colombo,Kaduwela Pradeshiya Sabha,kaduwela Divisional Secretariat
K.D.K.RESTAURANT,"KOMBAVIL,W.N.4,PUTHUKUDIYUPPU,MULAITIVU",B,Mullaitivu,Mulatiyana Pradeshiya Sabha,Mullaitivu Divisional Secretariat
FAT PANDA,"31A,SEA AVENUE,COLOMBO 03",A,Colombo,Colombo,Colombo Divisional Secretariat
BLUE GINGER RESTAURANT,"356,CHILAW ROAD,PERIYAMULLA,NEGOMBO",A,Gampaha,Negombo,Negombo Divisional Secretariat
LIKOORI,"NO 25/1/2,STATION ROAD,BAMBALAPITIYA",B,Colombo,Colombo,Colombo Divisional Secretariat
GREEN VILLA FAMILY RESTAURANT,"NO 737/7 , THALANGAMA NORTH , MALABE.",A,Colombo,Kaduwela Pradeshiya Sabha,kaduwela Divisional Secretariat
HE PING RESTAURANT,"440,GALLE ROAD,RATHMALANA",A,Colombo,Dehiwala-Mount Lavinia,Dehiwala Divisional Secretariat
MONSOON COLOMBO,"MONSSON COLOMBO,PARK STREET MEWS, PARK STREET,COLOMBO 2",A,Colombo,Colombo,Colombo Divisional Secretariat
SHAN CITY CHINEESE RESTAURANT,"27/3/1,,KOTUGODELLA VEEDIYA,,KANDY.",B,Kandy,Kandy,Kandy Divisional Secretariat
CHINESE DELIGHT RESTAURANT,"41-A,RIDGEWAY PLACE, MARINE DRIVE,COLOMBO 04",A,Colombo,Colombo,Colombo Divisional Secretariat
SAMEEHA FAMILY RESTAURANT,"NO. 390,CHILAW ROAD, PERIYAMULLA,NEGOMBO",A,Gampaha,Negombo,Negombo Divisional Secretariat
SEA PORT RESTAURANT,"70,PORUTHOTA ROAD,ETHUKALA,NEGOMBO",A,Gampaha,Negombo,Negombo Divisional Secretariat
AMUSEUM,"9TH FLOOR, GREEN LANKA BUILDING,NAWAM MAWATHA,COLOMBO 02",A,Colombo,Colombo,Colombo Divisional Secretariat
